sequence,mods,mod_sites,charge,rt,nce,instrument,nAA
AAEPRWSSHQR,,,3,13.638,30,QE,11
AALASSLIRQK,,,2,27.551,30,QE,11
AATFVLHNCKK,,,2,18.319,30,QE,11
ADRPRPLTVGK,,,3,27.72,30,QE,11
ADTIAKNELHK,,,3,14.568,30,QE,11
ADTISKSELHK,,,3,14.23,30,QE,11
AELIRAFGLDR,,,2,39.319,30,QE,11
AELTRLANTFR,,,2,33.777,30,QE,11
AETPQATARPK,,,2,11.558,30,QE,11
AETRCEPFTMK,,,3,24.435,30,QE,11
AEVNARDDDFK,,,2,18.094,30,QE,11
AFEEAYARADK,,,2,21.076,30,QE,11
AFLFYGKQDFR,,,3,39.556,30,QE,11
AFLYEIIDIGK,,,2,54.095,30,QE,11
AFQRILIDHLR,,,3,34.716,30,QE,11
AFSDEFSYFFK,,,2,53.812,30,QE,11
AGAWELRFSYR,,,3,39.556,30,QE,11
AGDEALGDTYK,,,2,22.127,30,QE,11
AGTRCSAIGFR,,,3,21.909,30,QE,11
AHGGHILYRPK,,,3,13.74,30,QE,11
AHPAPRYRPVR,,,3,11.726,30,QE,11
AHTGEKSYICR,,,3,13.383,30,QE,11
AINEPSNVRAK,,,2,14.944,30,QE,11
AKGYQLLEEEK,,,3,26.638,30,QE,11
AKVTEFGCGTR,,,3,18.763,30,QE,11
ALAEAEEGQRR,,,2,13.383,30,QE,11
ALCILTKDDFR,,,3,36.831,30,QE,11
ALELSRQETNR,,,2,19.546,30,QE,11
ALFSSITDSEK,,,2,37.046,30,QE,11
ALPMHIR,,,2,55.695,30,QE,7
ALVKGLHDSQR,,,3,15.847,30,QE,11
ALVPPPRLPTK,,,3,31.74,30,QE,11
ALVQALVPRER,,,2,33.321,30,QE,11
ANQLQHFEKQK,,,3,16.123,30,QE,11
APKLMIYEGNK,,,3,29.246,30,QE,11
AQHPQKTHHGK,,,2,52.61,30,QE,11
AQLIQHQRTER,,,3,12.348,30,QE,11
ARAQLGYAPDK,,,3,18.48,30,QE,11
ARSLDSDLCLK,,,2,32.809,30,QE,11
ASDLLSGYYIK,,,2,41.063,30,QE,11
ASLHRFLGQNK,,,3,20.606,30,QE,11
ASPRPKIIWLK,,,3,32.697,30,QE,11
ATPPTREEPGK,,,2,11.146,30,QE,11
ATSLKEGTIAK,,,2,16.787,30,QE,11
AVEQVKNAFNK,,,3,20.797,30,QE,11
AVKNYHINNCR,,,3,12.725,30,QE,11
AWADPATPRPR,,,3,23.101,30,QE,11
