sequence,mods,mod_sites,charge,rt,nce,instrument,nAA
ALELSRQETNR,,,2,19.546,30,QE,11
ASDLLSGYYIK,,,2,41.063,30,QE,11
ALCILTKDDFR,,,3,36.831,30,QE,11
ATSLKEGTIAK,,,2,16.787,30,QE,11
AKVTEFGCGTR,,,3,18.763,30,QE,11
AQLIQHQRTER,,,3,12.348,30,QE,11
AFLFYGKQDFR,,,3,39.556,30,QE,11
AHGGHILYRPK,,,3,13.74,30,QE,11
ADTIAKNELHK,,,3,14.568,30,QE,11
ALAEAEEGQRR,,,2,13.383,30,QE,11
AETPQATARPK,,,2,11.558,30,QE,11
ADRPRPLTVGK,,,3,27.72,30,QE,11
AELIRAFGLDR,,,2,39.319,30,QE,11
ASLHRFLGQNK,,,3,20.606,30,QE,11
ANQLQHFEKQK,,,3,16.123,30,QE,11
AFLYEIIDIGK,,,2,54.095,30,QE,11
AGDEALGDTYK,,,2,22.127,30,QE,11
AVEQVKNAFNK,,,3,20.797,30,QE,11
AFSDEFSYFFK,,,2,53.812,30,QE,11
AETRCEPFTMK,,,3,24.435,30,QE,11
